{"cameraMode":{"drawMode":0,"name":"Shaded","section":"Shading Mode"},"sceneLighting":true,"audioPlay":false,"sceneViewState":{"m_AlwaysRefresh":false,"showFog":true,"showSkybox":true,"showFlares":true,"showImageEffects":true,"showParticleSystems":true,"showVisualEffectGraphs":true,"m_FxEnabled":true},"in2DMode":false,"pivot":{"x":-0.13495445251464845,"y":0.154494047164917,"z":0.034603118896484378},"rotation":{"x":-0.08277399092912674,"y":0.8978081941604614,"z":-0.19165153801441194,"w":-0.3877614438533783},"size":2.189466714859009,"orthographic":false}