{"cameraMode":{"drawMode":0,"name":"Shaded","section":"Shading Mode"},"sceneLighting":true,"audioPlay":false,"sceneViewState":{"m_AlwaysRefresh":false,"showFog":true,"showSkybox":true,"showFlares":true,"showImageEffects":true,"showParticleSystems":true,"showVisualEffectGraphs":true,"m_FxEnabled":true},"in2DMode":false,"pivot":{"x":1.828404426574707,"y":1.8888154029846192,"z":-1.054619312286377},"rotation":{"x":-0.028933510184288026,"y":0.8756542801856995,"z":-0.052874550223350528,"w":-0.47916650772094729},"size":2.189466714859009,"orthographic":false}